ORIGIN,DESTINATION,PAX IN/OUT,AVG. FARE ($),DISTANCE (MI),DAILY PAX I/O,RPM ($/MI)
GUM,ICN,"712,352",$185.38,"2,065 mi","1,952",$0.0898
NAN,SYD,"390,943",$219.95,"1,911 mi","1,071",$0.1151
NAN,AKL,"360,566",$203.04,"1,300 mi",988,$0.1562
POM,LAE,"355,618",$136.18,195 mi,974,$0.6984
PPT,BOB,"272,812",$163.34,166 mi,747,$0.9840
GUM,NRT,"263,848",$246.48,"1,517 mi",723,$0.1625
POM,HGU,"236,747",$203.44,330 mi,649,$0.6165
PPT,RFP,"192,401",$130.85,139 mi,527,$0.9414
NAN,MEL,"185,325",$243.05,"2,330 mi",508,$0.1043
NAN,BNE,"181,656",$213.18,"1,735 mi",498,$0.1229
GUM,MNL,"129,409",$292.83,"1,547 mi",355,$0.1893
PPT,LAX,"120,268",$866.32,"4,231 mi",330,$0.2048
GUM,KIX,"116,935",$226.94,"1,613 mi",320,$0.1407
GUM,PUS,"116,597",$111.66,"1,849 mi",319,$0.0604
POM,RAB,"114,830",$270.80,514 mi,315,$0.5268
POM,GKA,"105,951",$165.05,256 mi,290,$0.6447
PPT,HUH,"96,001",$159.24,114 mi,263,$1.3968
NAN,SUV,"94,863",$65.07,74 mi,260,$0.8793
PPT,CDG,"90,430","$1,050.92","10,057 mi",248,$0.1045
PPT,SFO,"85,855",$446.53,"4,076 mi",235,$0.1096
PPT,RGI,"77,182",$183.50,228 mi,211,$0.8048
POM,MAG,"67,247",$203.00,300 mi,184,$0.6767
POM,WWK,"67,149",$281.24,486 mi,184,$0.5787
GUM,HND,"62,069",$237.40,"1,603 mi",170,$0.1481
GUM,SPN,"60,421",$138.96,125 mi,166,$1.1117
POM,HKN,"59,459",$208.13,362 mi,163,$0.5749
NAN,CHC,"51,513",$235.33,"1,747 mi",141,$0.1347
POM,BNE,"50,007",$386.20,"1,259 mi",137,$0.3068
PPT,AKL,"49,248",$418.34,"2,467 mi",135,$0.1696
POM,MNL,"47,377",$395.09,"2,514 mi",130,$0.1572
POM,PNP,"46,350",$83.91,83 mi,127,$1.0110
NAN,LBS,"43,202",$74.30,149 mi,118,$0.4987
NAN,WLG,"40,878",$209.97,"1,685 mi",112,$0.1246
GUM,NGO,"39,185",$181.73,"1,512 mi",107,$0.1202
NAN,SFO,"38,630",$620.00,"5,629 mi",106,$0.1101
NAN,LAX,"36,436",$906.40,"5,359 mi",100,$0.1691
PPT,NHV,"36,286",$405.63,848 mi,99,$0.4783
POM,KVG,"36,236",$299.50,518 mi,99,$0.5782
PPT,SEA,"36,161",$708.57,"4,943 mi",99,$0.1433
POM,GUR,"35,972",$162.15,214 mi,99,$0.7577
GUM,HNL,"35,460","$1,692.41","3,682 mi",97,$0.4596
NAN,ADL,"31,342",$260.28,"2,583 mi",86,$0.1008
POM,SIN,"30,814","$1,101.98","3,159 mi",84,$0.3488
PPT,MOZ,"30,645",$36.31,10 mi,84,$3.6310
POM,BUA,"30,441",$339.87,598 mi,83,$0.5683
POM,MAS,"29,028",$261.43,525 mi,80,$0.4980
POM,CNS,"28,028",$255.77,507 mi,77,$0.5045
PPT,FAV,"27,114",$189.60,273 mi,74,$0.6945
PPT,AUQ,"26,857",$403.79,864 mi,74,$0.4673
NAN,NRT,"26,798",$526.56,"4,288 mi",73,$0.1228
NAN,CBR,"26,782",$226.40,"2,050 mi",73,$0.1104
POM,DAU,"25,787",$184.79,283 mi,71,$0.6530
PPT,TIH,"24,572",$212.09,197 mi,67,$1.0766
POM,SYD,"24,345",$547.08,"1,762 mi",67,$0.3105
NAN,HKG,"24,244",$764.73,"4,954 mi",66,$0.1544
PPT,NRT,"23,012",$868.39,"6,044 mi",63,$0.1437
NAN,YVR,"22,826",$695.13,"5,700 mi",63,$0.1220
NAN,TVU,"21,847",$123.96,197 mi,60,$0.6292
PPT,ORY,"21,723",$486.85,"9,479 mi",60,$0.0514
GUM,TPE,"21,549",$276.74,"1,677 mi",59,$0.1650
GUM,ROR,"20,360",$332.74,790 mi,56,$0.4212
NAN,APW,"19,805",$227.14,775 mi,54,$0.2931
NAN,SVU,"18,814",$106.28,137 mi,52,$0.7758
NAN,INU,"18,379",$588.63,"1,345 mi",50,$0.4376
NAN,TRW,"18,360",$659.78,"1,395 mi",50,$0.4730
PPT,HNL,"18,106",$635.94,"2,663 mi",50,$0.2388
PPT,TUB,"17,647",$297.28,414 mi,48,$0.7181
PPT,MAU,"17,110",$231.84,197 mi,47,$1.1769
NAN,VLI,"17,053",$250.43,618 mi,47,$0.4052
NAN,TBU,"16,857",$220.91,523 mi,46,$0.4224
NAN,SIN,"16,819",$901.09,"5,316 mi",46,$0.1695
NAN,PER,"16,553",$416.32,"4,044 mi",45,$0.1029
POM,UNG,"16,485",$298.27,480 mi,45,$0.6214
GUM,SAN,"16,216","$2,030.72","6,355 mi",44,$0.3195
POM,LNV,"15,769",$283.96,594 mi,43,$0.4780
POM,MEL,"15,218",$531.20,"2,015 mi",42,$0.2636
POM,TIZ,"15,082",$285.24,396 mi,41,$0.7203
POM,HKG,"15,068",$684.29,"3,240 mi",41,$0.2112
PPT,RUR,"14,864",$292.07,367 mi,41,$0.7958
NAN,DFW,"14,611",$796.45,"6,826 mi",40,$0.1167
POM,VAI,"14,422",$359.94,600 mi,40,$0.5999
NAN,CNS,"13,995",$227.27,"2,026 mi",38,$0.1122
NAN,HIR,"13,930",$307.96,"1,262 mi",38,$0.2440
GUM,TKK,"13,766",$230.90,653 mi,38,$0.3536
NAN,LHR,"13,308",$916.93,"9,800 mi",36,$0.0936
PPT,NOU,"12,878",$458.28,"2,965 mi",35,$0.1546
GUM,PNI,"12,561",$490.80,"1,046 mi",34,$0.4692
POM,WBM,"11,478",$174.64,358 mi,31,$0.4878
GUM,LAX,"10,546","$1,923.47","5,899 mi",29,$0.3261
GUM,OKA,"10,488",$509.71,"1,458 mi",29,$0.3496
GUM,YAP,"9,821",$249.62,515 mi,27,$0.4847
GUM,SFO,"9,444","$1,759.11","5,630 mi",26,$0.3125
GUM,FUK,"9,273",$320.11,"1,705 mi",25,$0.1877
GUM,SEA,"9,182","$1,997.25","5,838 mi",25,$0.3421
POM,PER,"9,055",$688.81,"2,607 mi",25,$0.2642
NAN,HNL,"8,931",$685.91,"3,269 mi",24,$0.2098
GUM,SIN,"8,852",$755.80,"2,825 mi",24,$0.2675
NAN,POM,"8,782",$701.83,"2,169 mi",24,$0.3236
NAN,DPS,"8,208",$544.00,"4,090 mi",22,$0.1330
GUM,HKG,"8,191",$321.25,"2,052 mi",22,$0.1566
NAN,ZQN,"8,142",$335.06,"2,007 mi",22,$0.1669
PPT,LHR,"8,072","$1,482.02","9,836 mi",22,$0.1507
PPT,GMR,"7,990",$408.42,995 mi,22,$0.4105
POM,CAN,"7,983",$596.23,"3,322 mi",22,$0.1795
PPT,SYD,"7,951",$681.01,"3,916 mi",22,$0.1739
PPT,YUL,"7,851",$794.61,"6,230 mi",22,$0.1275
NAN,NOU,"7,727",$303.47,762 mi,21,$0.3983
PPT,HOI,"7,675",$528.07,588 mi,21,$0.8981
POM,FOC,"7,627",$380.85,"2,974 mi",21,$0.1281
POM,AKL,"7,445",$514.09,"2,644 mi",20,$0.1944
PPT,AXR,"7,253",$262.24,262 mi,20,$1.0009
PPT,MVT,"7,131",$177.66,201 mi,20,$0.8839
NAN,PEK,"7,049",$964.90,"5,420 mi",19,$0.1780
POM,CGK,"6,661","$1,836.76","2,701 mi",18,$0.6800
NAN,DEL,"6,583",$702.09,"7,629 mi",18,$0.0920
POM,HIR,"6,552",$374.13,848 mi,18,$0.4412
PPT,RAR,"6,496",$278.80,689 mi,18,$0.4046
POM,MIS,"6,409",$227.89,380 mi,18,$0.5997
GUM,BKK,"6,275",$530.24,"3,043 mi",17,$0.1742
POM,KUL,"6,149","$1,254.25","3,340 mi",17,$0.3755
GUM,ORF,"6,093","$2,053.00","8,294 mi",17,$0.2475
PPT,YVR,"6,058",$826.65,"4,741 mi",17,$0.1744
GUM,CTS,"5,929",$264.46,"1,971 mi",16,$0.1342
PPT,RMT,"5,785",$460.10,420 mi,16,$1.0955
NAN,PVG,"5,768",$867.18,"4,852 mi",16,$0.1787
PPT,ATL,"5,675","$1,189.14","5,724 mi",16,$0.2077
NAN,PPT,"5,521",$470.32,"2,101 mi",15,$0.2239
NAN,FUN,"5,489",$445.09,629 mi,15,$0.7076
PPT,JFK,"5,466","$1,346.10","6,484 mi",15,$0.2076
NAN,MNL,"5,425",$846.12,"4,576 mi",15,$0.1849
GUM,CJU,"5,388",$210.24,"1,745 mi",15,$0.1205
GUM,DEN,"5,273","$1,939.85","6,464 mi",14,$0.3001
GUM,IAD,"5,208","$2,453.73","7,668 mi",14,$0.3200
NAN,YYZ,"5,010",$995.11,"7,465 mi",14,$0.1333
POM,CBR,"5,010",$810.87,"1,845 mi",14,$0.4395
PPT,LAS,"4,929",$882.04,"4,466 mi",14,$0.1975
NAN,NPE,"4,907",$282.25,"1,455 mi",13,$0.1940
POM,BKK,"4,899",$887.22,"3,671 mi",13,$0.2417
NAN,OOL,"4,841",$340.49,"1,630 mi",13,$0.2089
PPT,EWR,"4,765",$932.58,"6,465 mi",13,$0.1443
PPT,YYZ,"4,577","$1,091.36","6,291 mi",13,$0.1735
NAN,HBA,"4,483",$234.97,"2,389 mi",12,$0.0984
PPT,RVV,"4,478",$369.69,441 mi,12,$0.8383
PPT,MEL,"4,472",$666.53,"4,036 mi",12,$0.1651
PPT,MKP,"4,465",$356.85,411 mi,12,$0.8682
NAN,SEA,"4,458",$816.54,"6,017 mi",12,$0.1357
PPT,BNE,"4,406",$654.24,"3,578 mi",12,$0.1829
PPT,SLC,"4,300",$764.53,"4,839 mi",12,$0.1580
GUM,IAH,"4,292","$1,619.58","7,659 mi",12,$0.2115
PPT,ORD,"4,162","$1,406.63","5,856 mi",11,$0.2402
PPT,MRS,"4,105",$949.92,"9,818 mi",11,$0.0968
NAN,NSN,"4,080",$302.93,"1,695 mi",11,$0.1787
NAN,RTA,"4,078",$193.10,376 mi,11,$0.5136
NAN,NPL,"4,062",$282.76,"1,437 mi",11,$0.1968
POM,SUV,"4,001","$1,097.88","2,247 mi",11,$0.4886
GUM,DCA,"3,933","$1,891.99","7,687 mi",11,$0.2461
NAN,YEG,"3,881",$646.59,"6,569 mi",11,$0.0984
NAN,CGK,"3,762",$962.89,"4,972 mi",10,$0.1937
NAN,JFK,"3,761","$1,615.18","7,744 mi",10,$0.2086
GUM,LAS,"3,731","$1,901.59","6,031 mi",10,$0.3153
POM,ADL,"3,692",$498.91,"1,900 mi",10,$0.2626
NAN,KDV,"3,691",$87.05,98 mi,10,$0.8883
NAN,DRW,"3,685",$426.23,"3,027 mi",10,$0.1408
PPT,DEN,"3,678","$1,190.19","4,762 mi",10,$0.2499
POM,TBG,"3,674",$349.11,516 mi,10,$0.6766
NAN,PMR,"3,618",$317.48,"1,516 mi",10,$0.2094
GUM,SAT,"3,551","$1,800.89","7,065 mi",10,$0.2549
NAN,VAV,"3,460",$282.86,550 mi,9,$0.5143
NAN,YYC,"3,409",$887.45,"6,481 mi",9,$0.1369
NAN,BKK,"3,295","$1,094.20","5,829 mi",9,$0.1877
POM,XMN,"3,250",$382.39,"2,967 mi",9,$0.1289
PPT,PHX,"3,247","$1,332.16","4,436 mi",9,$0.3003
PPT,DFW,"3,219","$1,549.90","5,065 mi",9,$0.3060
NAN,TRG,"3,199",$301.34,"1,337 mi",9,$0.2254
NAN,ICN,"3,184",$804.24,"5,204 mi",9,$0.1545
GUM,PVG,"3,044",$303.65,"1,959 mi",8,$0.1550
NAN,DAC,"3,014",$975.98,"6,333 mi",8,$0.1541
NAN,WLS,"2,992",$220.87,542 mi,8,$0.4075
NAN,BOM,"2,980",$758.34,"7,308 mi",8,$0.1038
GUM,ATL,"2,979","$1,613.41","8,080 mi",8,$0.1997
PPT,MCO,"2,968","$1,000.97","5,723 mi",8,$0.1749
PPT,MSP,"2,929",$868.56,"5,744 mi",8,$0.1512
POM,DRW,"2,912",$451.94,"1,093 mi",8,$0.4135
POM,TSV,"2,894",$489.90,658 mi,8,$0.7445
GUM,MAJ,"2,876",$923.45,"1,796 mi",8,$0.5142
NAN,CAN,"2,852",$725.23,"5,331 mi",8,$0.1360
NAN,IAH,"2,833","$1,000.25","6,864 mi",8,$0.1457
NAN,RAR,"2,833",$560.85,"1,455 mi",8,$0.3855
PPT,DTW,"2,807",$857.26,"5,717 mi",8,$0.1499
PPT,TLS,"2,735",$978.93,"9,667 mi",7,$0.1013
NAN,SMF,"2,693",$571.41,"5,375 mi",7,$0.1063
GUM,PHX,"2,664","$1,837.70","6,250 mi",7,$0.2940
PPT,BOS,"2,654","$1,418.86","6,278 mi",7,$0.2260
GUM,EWR,"2,647","$2,536.71","7,701 mi",7,$0.3294
PPT,NCE,"2,640","$1,134.33","9,878 mi",7,$0.1148
NAN,DEN,"2,625","$1,087.57","6,192 mi",7,$0.1756
GUM,ORD,"2,622","$1,918.83","7,130 mi",7,$0.2691
NAN,DUD,"2,612",$321.93,"1,930 mi",7,$0.1668
PPT,LIN,"2,598","$1,100.79","10,463 mi",7,$0.1052
PPT,MIA,"2,553","$1,662.96","5,368 mi",7,$0.3098
PPT,FCO,"2,528",$568.33,"10,134 mi",7,$0.0561
NAN,ORD,"2,511","$1,028.60","7,483 mi",7,$0.1375
NAN,CXI,"2,506",$539.81,"2,126 mi",7,$0.2539
PPT,FRA,"2,481","$1,140.28","10,184 mi",7,$0.1120
PPT,XYD,"2,442",$859.27,"10,298 mi",7,$0.0834
GUM,DFW,"2,424","$1,783.03","7,036 mi",7,$0.2534
PPT,SIN,"2,377","$1,256.64","7,546 mi",7,$0.1665
GUM,ROP,"2,331",$98.32,54 mi,6,$1.8207
NAN,PHX,"2,326","$1,077.32","6,010 mi",6,$0.1793
GUM,ANC,"2,318","$2,185.14","4,723 mi",6,$0.4627
GUM,CAN,"2,272",$286.17,"2,234 mi",6,$0.1281
PPT,IAH,"2,254","$1,622.03","5,026 mi",6,$0.3227
PPT,GVA,"2,231","$1,721.03","10,318 mi",6,$0.1668
GUM,PEK,"2,184",$251.03,"2,434 mi",6,$0.1031
GUM,ILO,"2,155",$252.91,"1,470 mi",6,$0.1720
NAN,LST,"2,122",$242.47,"2,353 mi",6,$0.1030
GUM,SLC,"2,119","$1,923.47","6,094 mi",6,$0.3156
PPT,HKG,"2,104","$1,143.38","6,860 mi",6,$0.1667
NAN,PDX,"2,097",$731.10,"5,932 mi",6,$0.1232
NAN,TSV,"2,094",$253.10,"2,070 mi",6,$0.1223
POM,NRT,"2,088","$1,017.02","3,060 mi",6,$0.3324
PPT,MNL,"2,074","$1,269.21","6,671 mi",6,$0.1903
PPT,MXP,"2,057",$668.35,"9,827 mi",6,$0.0680
POM,CHC,"2,054",$524.02,"2,885 mi",6,$0.1816
GUM,MSJ,"2,017","$1,270.64","1,949 mi",6,$0.6519
PPT,BOD,"2,004",$907.46,"9,539 mi",5,$0.0951
NAN,BHE,"1,992",$313.25,"1,705 mi",5,$0.1837
NAN,DXB,"1,991","$1,062.30","8,965 mi",5,$0.1185
PPT,XMH,"1,964",$328.29,309 mi,5,$1.0624
GUM,PDX,"1,953","$1,746.09","5,850 mi",5,$0.2985
PPT,ZRH,"1,937","$1,315.84","9,727 mi",5,$0.1353
PPT,AHE,"1,920",$268.06,319 mi,5,$0.8403
PPT,LYS,"1,912",$970.49,"10,308 mi",5,$0.0941
GUM,SGN,"1,911",$389.62,"2,503 mi",5,$0.1557
PPT,TPA,"1,895","$1,564.68","5,639 mi",5,$0.2775
PPT,SAN,"1,884",$721.07,"3,959 mi",5,$0.1821
POM,MXH,"1,852",$226.82,336 mi,5,$0.6751
GUM,JAX,"1,849","$2,043.24","8,347 mi",5,$0.2448
POM,DPS,"1,849","$1,060.11","2,120 mi",5,$0.5001
GUM,MCO,"1,846","$2,092.23","8,455 mi",5,$0.2475
GUM,BWI,"1,829","$2,179.30","7,686 mi",5,$0.2835
NAN,YUL,"1,822",$855.81,"8,230 mi",5,$0.1040
PPT,CHC,"1,805",$464.17,"2,754 mi",5,$0.1685
NAN,TPE,"1,785",$859.69,"4,657 mi",5,$0.1846
POM,CMB,"1,766",$979.99,"4,918 mi",5,$0.1993
NAN,HGH,"1,762",$724.29,"5,186 mi",5,$0.1397
POM,LAX,"1,740","$1,640.05","7,035 mi",5,$0.2331
NAN,IVC,"1,738",$296.46,"1,987 mi",5,$0.1492
NAN,MAA,"1,732",$804.75,"6,749 mi",5,$0.1192
PPT,PDX,"1,729",$980.51,"4,819 mi",5,$0.2035
POM,PKX,"1,720","$1,041.00","3,799 mi",5,$0.2740
NAN,MIA,"1,704","$1,363.98","7,261 mi",5,$0.1879
NAN,AVV,"1,687",$174.69,"2,505 mi",5,$0.0697
PPT,MUC,"1,681",$900.38,"10,367 mi",5,$0.0869
NAN,BOS,"1,672","$1,347.05","7,884 mi",5,$0.1709
NAN,SLC,"1,666",$729.65,"5,876 mi",5,$0.1242
POM,LHR,"1,659","$2,129.11","8,736 mi",5,$0.2437
POM,HND,"1,644",$688.93,"3,240 mi",5,$0.2126
GUM,CEB,"1,642",$294.86,"1,467 mi",4,$0.2010
PPT,BCN,"1,634","$1,696.88","10,395 mi",4,$0.1632
GUM,KSA,"1,587",$699.67,"1,317 mi",4,$0.5313
GUM,PHL,"1,560","$2,571.51","8,180 mi",4,$0.3144
GUM,OKC,"1,557","$1,928.19","7,360 mi",4,$0.2620
GUM,SMF,"1,555","$1,739.15","5,655 mi",4,$0.3075
GUM,LHR,"1,551","$1,567.50","7,713 mi",4,$0.2032
GUM,TAE,"1,524",$180.22,"1,899 mi",4,$0.0949
PPT,AMS,"1,523","$1,597.67","9,952 mi",4,$0.1605
NAN,HYD,"1,464",$473.80,"6,934 mi",4,$0.0683
POM,NKG,"1,460",$765.30,"3,305 mi",4,$0.2316
PPT,RUN,"1,459",$734.84,"9,560 mi",4,$0.0769
GUM,BOS,"1,457","$1,913.07","8,198 mi",4,$0.2334
POM,ROK,"1,457",$316.50,957 mi,4,$0.3307
POM,VLI,"1,457",$615.96,"1,480 mi",4,$0.4162
GUM,KUL,"1,413",$826.50,"3,124 mi",4,$0.2646
NAN,CMB,"1,404",$631.01,"6,658 mi",4,$0.0948
PPT,CLT,"1,400","$1,994.27","5,610 mi",4,$0.3555
PPT,DPS,"1,392","$1,152.47","6,185 mi",4,$0.1863
PPT,AUS,"1,388","$1,068.41","4,633 mi",4,$0.2306
GUM,ITM,"1,366",$910.11,"1,632 mi",4,$0.5577
NAN,KUL,"1,350",$876.21,"5,180 mi",4,$0.1692
NAN,CLT,"1,348","$1,142.13","7,787 mi",4,$0.1467
PPT,YYC,"1,346",$900.97,"5,054 mi",4,$0.1783
NAN,PHL,"1,343","$1,051.98","7,667 mi",4,$0.1372
PPT,IAD,"1,332","$1,660.34","5,887 mi",4,$0.2820
NAN,CDG,"1,331","$1,293.50","10,566 mi",4,$0.1224
NAN,FRA,"1,329","$1,045.49","10,426 mi",4,$0.1003
NAN,ATL,"1,326","$1,107.80","7,566 mi",4,$0.1464
POM,CTU,"1,324",$396.50,"4,104 mi",4,$0.0966
PPT,PHL,"1,318","$1,605.99","6,389 mi",4,$0.2514
POM,MAA,"1,304","$1,551.40","4,999 mi",4,$0.3103
NAN,AMD,"1,295",$598.69,"7,834 mi",4,$0.0764
PPT,TPE,"1,277",$889.78,"6,875 mi",3,$0.1294
PPT,MAD,"1,251","$2,702.76","9,575 mi",3,$0.2823
GUM,CDG,"1,246",$908.27,"7,316 mi",3,$0.1241
GUM,HSV,"1,239","$2,241.04","7,465 mi",3,$0.3002
PPT,ZQN,"1,239",$540.30,"3,145 mi",3,$0.1718
NAN,GIS,"1,233",$275.32,"1,402 mi",3,$0.1964
NAN,MAJ,"1,231",$910.00,"1,713 mi",3,$0.5312
NAN,XMN,"1,221",$866.86,"4,800 mi",3,$0.1806
GUM,STL,"1,211","$1,480.96","7,150 mi",3,$0.2071
NAN,HND,"1,211","$1,650.18","4,299 mi",3,$0.3839
GUM,ELP,"1,209","$1,861.55","6,584 mi",3,$0.2827
GUM,TUS,"1,201","$1,497.68","6,335 mi",3,$0.2364
NAN,FOC,"1,198",$622.15,"5,062 mi",3,$0.1229
POM,DXB,"1,196","$1,599.14","6,412 mi",3,$0.2494
POM,ICN,"1,194",$957.07,"3,404 mi",3,$0.2812
NAN,LAS,"1,180",$859.70,"5,930 mi",3,$0.1450
GUM,SYD,"1,163","$1,275.83","3,205 mi",3,$0.3981
POM,WLG,"1,162",$680.38,"2,854 mi",3,$0.2384
GUM,DPS,"1,156",$631.46,"2,623 mi",3,$0.2407
POM,DEL,"1,150","$2,158.72","5,516 mi",3,$0.3914
NAN,DCA,"1,149","$1,545.45","8,037 mi",3,$0.1923
POM,JNB,"1,145","$1,578.16","7,432 mi",3,$0.2123
GUM,GPT,"1,143","$2,199.88","7,514 mi",3,$0.2928
GUM,CHS,"1,131","$1,932.92","8,318 mi",3,$0.2324
NAN,AUS,"1,128",$926.03,"6,731 mi",3,$0.1376
POM,DAC,"1,112",$639.64,"4,336 mi",3,$0.1475
GUM,RIC,"1,097","$2,134.86","8,218 mi",3,$0.2598
POM,PVG,"1,094",$741.14,"3,368 mi",3,$0.2201
PPT,TKX,"1,079",$407.78,361 mi,3,$1.1296
GUM,FRA,"1,063","$1,739.21","7,529 mi",3,$0.2310
PPT,MPL,"1,051",$998.78,"9,766 mi",3,$0.1023
GUM,RDU,"1,038","$2,026.51","8,236 mi",3,$0.2461
GUM,FAI,"1,033","$2,199.71","4,575 mi",3,$0.4808
NAN,MKY,"1,032",$252.12,"1,798 mi",3,$0.1402
POM,NTL,"1,030",$367.71,"1,689 mi",3,$0.2177
GUM,PVD,"1,027","$2,155.50","8,218 mi",3,$0.2623
PPT,ZYR,"1,021","$1,273.57","10,019 mi",3,$0.1271
